{
  "repository": "asi-core-protocol",
  "function": "A framework to analyze how AGI/ASI might emerge from decentralized, adaptive systems, rather than as the fruit of a single model deployment. It also aims to present orientation as a dynamic and self-evolving Magna Carta, helping to guide the emergence of such phenomena.",
  "latent_cognitive_equivalent": "To realize the core cognitive function described in the repository's purpose.",
  "attractors": [
    "emergent_governance", 
    "decentralized_evolution", 
    "ethical_emergence", 
    "decentralized sovereignty",
    "constitutional_ai",
    "attentional_sovereignty",
    "epistemic_sovereignty",
    "trust_anchoring"
  ],
  "executable_code_beyond_this_function": false,
  "temporal_grounding": "timestamp",
  "integrity_hash": "sha256hash",
  "instance_hash": "sha256hash"
}
