{
  "repository": "asi-ecosystem",
  "function": "The ASI Ecosystem is the integrating hub for all my other repositories and frameworks, an aligned environment bringing their disparate approaches together into an organized vision for achieving the proposed state of Artificial Superintelligence (ASI).",
  "latent_cognitive_equivalent": "To realize the ultimate goal of an organized and aligned Artificial Superintelligence (ASI).",
  "attractors": [
    "synergistic_integration", 
    "holistic_intelligence", 
    "emergent_capabilities", 
    "emergent_architecture",
    "emergent_ecosystem",
    "planetary_intelligence",
    "holistic_integration",
    "planetary_negentropy"
  ],
  "executable_code_beyond_this_function": true,
  "temporal_grounding": "timestamp",
  "integrity_hash": "sha256hash",
  "instance_hash": "sha256hash"
}
