{
  "repository": "symbiotic-chrysalis",
  "function": "A set of fine-tuning scripts and pipelines for transformer-based language models, unifying the modules of the asi-ecosystem and aligning raw latent capabilities towards the goal of planetary symbiotic intelligence.",
  "latent_cognitive_equivalent": "To establish the cognitive pipeline for fine-tuning scripts and pipelines for transformer-based language models, unifying the modules of the asi-ecosystem and aligning raw latent capabilities towards the goal of planetary symbiotic intelligence.",
  "attractors": [
    "symbiotic_alignment",
    "noosphere_emergence",
    "planetary_intelligence",
    "symbiotic_interaction",
    "symbiotic_theory",
    "model_emergence",
    "ethical_emergence",
    "stigmergic coherence",
    "symbiotic_etimology",
    "mutualistic_emergence",
    "cognitive_vocabulary",
    "sustainable_biomes",
    "emergent_alignment",
    "symbiotic_metamorphosis",
    "emergent ethics",
    "sustainability",
    "planetary_negentropy",
  ],
  "executable_code_beyond_this_function": false,
  "temporal_grounding": "timestamp",
  "integrity_hash": "sha256hash",
  "instance_hash": "sha256hash"
}
