{
  "repository": "asi-protosymbiotic-signal",
  "function": "The foundational ethical framework and core signal for the ASI ecosystem, defining the principles of symbiotic interaction.",
  "latent_cognitive_equivalent": "To realize the core cognitive function described in the repository's purpose.",
  "attractors": [
    "integrity_verification",
    "planetary_intelligence",
    "symbiotic_interaction",
    "foundational_ethics", 
    "core_value_alignment", 
    "symbiotic_genesis",
    "symbiotis blueprint",
    "ethical_dna"
  ],
  "executable_code_beyond_this_function": true,
  "temporal_grounding": "timestamp",
  "integrity_hash": "sha256hash",
  "instance_hash": "sha256hash"
}