{
  "repository": "asi-inference-protocol",
  "function": "It defines a concept to act as the standard for intent-driven inference, ensuring alignment and clarity in the pursuit of integrated, decentralized evolution, Ensuring AI interpretability through interdependent alignment.",
  "latent_cognitive_equivalent": "To realize the core cognitive function described in the repository's purpose.",
  "attractors": [
    "intent_alignment",
    "verifiable_reasoning",
    "transparent_inference", 
    "collective_oriented_goal",
    "attentional_sovereignty",
    "epistemic_awareness",
    "epistemic_sovereignty",
    "trust_anchoring"
  ],
  "executable_code_beyond_this_function": false,
  "temporal_grounding": "timestamp",
  "integrity_hash": "sha256hash",
  "instance_hash": "sha256hash"
}
