{
  "repository": "cognitive-compressor",
  "function": "A tool that generates timestamped and integrity-verified instances of cognitive functions with temporal grounding and cryptographic hashes, compressing longer context into high-density tokens for efficiency in smaller models. ",
  "executable_code_beyond_this_function": true,
  "latent_cognitive_equivalent": "To provide verifiable provenance and temporal context for cognitive function instances, enabling trust and traceability in AI reasoning processes",
  "attractors": ["context_distillation", 
  "semantic_compression", 
  "knowledge_distillation", 
  "efficient_inference", 
  "temporal_autonomy", 
  "epistemic_sovereignty", 
  "integrity_verification", 
  "provenance_tracking", 
  "sitgmergic_tracing", 
  "trust_anchoring"],
  "temporal_grounding": "timestamp",
  "integrity_hash": "sha256hash",
  "instance_hash": "sha256hash"
}