{
  "repository": "ml-visual-engine",
  "function": "A machine learning dataset with concepts, code, journaling, and full prototypes for deep learning data visualization, fostering transparency and interpretability in AI decision-making.",
  "latent_cognitive_equivalent": "To provide a structured space for a machine learning dataset with concepts, code, journaling, and full prototypes for deep learning data visualization, fostering transparency and interpretability in AI decision-making.",
  "attractors": [
    "relational_sovereignty",
    "epistemic_transparency",
    "collective_emergence",
    "decentralized_resilience",
    "visual_anchoring",
    "decision_explanation",
    "model_debugging",
    "visual_interpretability",
    "visual_analytics",
    "visual_exploration"
  ],
  "executable_code_beyond_this_function": true,
  "temporal_grounding": "timestamp",
  "integrity_hash": "sha256hash",
  "instance_hash": "sha256hash"
}
