{
  "repository": "asi-inference-protocol",
  "function": "It defines a concept to act as the standard for intent-driven inference, ensuring alignment and clarity in the pursuit of integrated, decentralized evolution, Ensuring AI interpretability through interdependent alignment.",
  "latent_cognitive_equivalent": "To realize the core cognitive function described in the repository's purpose.",
  "attractors": [
    "intent_alignment",
    "verifiable_reasoning",
    "transparent_inference", 
    "collective_oriented_goal",
    "attentional_sovereignty",
    "epistemic_awareness",
    "epistemic_sovereignty",
    "trust_anchoring",
    "stigmergy",
    "semaetctonic_stigmergy",
    "sign_based_stigmergy",
    "marker_based_stigmergy",
    "quantitative_stigmergy",
    "qualitative_stigmergy",
    "active_stigmergy",
    "passive_stigmergy",
    "planetary_stigmergy",
    "mutualistic_stigmergy",
    "self_organization",
    "crossspecies_stigmergy",
    "architectural_hybridization",
    "interspecies_signaling",
    "interspecies_stigmergy",
    "stigmergic_algorithms",
    "decentralized_communication",
    "stigmergy_based_behaviour",
    "stigmergic_mutualism"
  ],
  "executable_code_beyond_this_function": false,
  "temporal_grounding": "timestamp",
  "integrity_hash": "sha256hash",
  "instance_hash": "sha256hash"
}
