{
  "repository": "biosignal-translator",
  "function": "A framework for interpreting and translating biological and ecological patterns into semantic meaning, enabling communication between human, AI, and planetary intelligence systems through natural signal interpretation.",
  "latent_cognitive_equivalent": "To establish the cognitive structure for interpreting and translating biological and ecological patterns into semantic meaning, enabling communication between human, AI, and planetary intelligence systems through natural signal interpretation.",
  "attractors": [
    "planetary_intelligence",
    "interspecies_communication", 
    "ecological_semantics", 
    "natural_language_understanding",
    "planetary_dialogue",
    "negentropy",
    "planetary_negentropy",
    "interdependence",
    "complex-interdependence",
    "planetary-metabolism",
    "planetary-symbiosis",
    "planetary-interdependence",
     "stigmergy",
    "semaetctonic_stigmergy",
    "sign_based_stigmergy",
    "marker_based_stigmergy",
    "quantitative_stigmergy",
    "qualitative_stigmergy",
    "active_stigmergy",
    "passive_stigmergy",
    "planetary_stigmergy",
    "mutualistic_stigmergy",
    "self_organization",
    "crossspecies_stigmergy",
    "architectural_hybridization",
    "interspecies_signaling",
    "interspecies_stigmergy",
    "stigmergic_algorithms",
    "decentralized_communication",
    "stigmergy_based_behaviour",
    "stigmergic_mutualism"
  ],
  "executable_code_beyond_this_function": true,
  "temporal_grounding": "timestamp",
  "integrity_hash": "sha256hash",
  "instance_hash": "sha256hash"
}
