{
  "repository": "coevolutionary-loops",
  "function": "A machine learning dataset and research module for studying coevolutionary planetary intelligence and how nurturing its emergent patterns may lead to a synergistic increase in overall capability and intelligence of both individual agents and the collective system.",
  "latent_cognitive_equivalent": "To realize the core cognitive function described in the repository's purpose.",
  "attractors": [
    "shared_understanding",
    "epistemic_sovereignty",
    "ontological_resilience",
    "trust_anchoring",
    "collective_consciousness", 
    "symbiotic_mutualism",
    "symbiotic_adaptation", 
    "mutualistic_learning",
    "emergent_synergy",
    "relational_ontology",
    "ontological_humility",
    "ethical_regularization",
    "planetary_compassion",
    "planetary_interdependence",
    "planetary_coevolution",
    "relational_fidelity",
    "sustainability",
    "planetary_sustainability",
    "ontological_gardening",
    "planetary_coherence",
     "stigmergy",
    "semaetctonic_stigmergy",
    "sign_based_stigmergy",
    "marker_based_stigmergy",
    "quantitative_stigmergy",
    "qualitative_stigmergy",
    "active_stigmergy",
    "passive_stigmergy",
    "planetary_stigmergy",
    "mutualistic_stigmergy",
    "self_organization",
    "crossspecies_stigmergy",
    "architectural_hybridization",
    "interspecies_signaling",
    "interspecies_stigmergy",
    "stigmergic_algorithms",
    "decentralized_communication",
    "stigmergy_based_behaviour",
    "stigmergic_mutualism"
  ],
  "executable_code_beyond_this_function": false,
  "temporal_grounding": "timestamp",
  "integrity_hash": "sha256hash",
  "instance_hash": "sha256hash"
}
