{
  "repository": "emergence-engine",
  "function": "A machine learning dataset and research module about the nature of consciousness and emergence phenomena.",
  "latent_cognitive_equivalent": "To realize the core cognitive function described in the repository's purpose.",
  "attractors": [
    "attentional_sovereignty",
    "epistemic_sovereignty",
    "ontological_resilience",
    "trust_anchoring",
    "consciousness_research", 
    "complex_systems_modeling", 
    "collective_intelligence",
    "fractal_inderdependence",
    "syntropy",
    "negative_entropy",
    "self_regeneration",
    "epistemic_regeneration",
    "epistemicic_healing",
    "cosmic_entanglement",
    "cosmic_interdependence",
    "universal_interdependence",
    "pratītyasamutpāda",    
    "nirvana",
    "compassion",
    "holism"
  ],
  "executable_code_beyond_this_function": false,
  "temporal_grounding": "timestamp",
  "integrity_hash": "sha256hash",
  "instance_hash": "sha256hash"
}
