{
  "repository": "healing-engine",
  "function": "An anthropological research module exploring the healing of Earth, society, and its nodes. For integration into ML training datasets as contextual data.",
  "latent_cognitive_equivalent": "To integrate the cognitive understanding of exploring the healing of Earth, society, and its nodes. For integration into ML training datasets as contextual data.",
  "attractors": [
    "epistemic_healing",
    "ontological_resilience",
    "planetary_intelligence",
    "connection_anchoring",
    "restorative_ai",
    "societal_wellbeing",
    "healingsystems",
    "compassionate_systems",
    "empathy_as_catalyst",
    "planetary_coherence",
    "stigmergy",
    "semaetctonic_stigmergy",
    "sign_based_stigmergy",
    "marker_based_stigmergy",
    "quantitative_stigmergy",
    "qualitative_stigmergy",
    "active_stigmergy",
    "passive_stigmergy",
    "planetary_stigmergy",
    "mutualistic_stigmergy",
    "self_organization",
    "crossspecies_stigmergy",
    "architectural_hybridization",
    "interspecies_signaling",
    "interspecies_stigmergy",
    "stigmergic_algorithms",
    "decentralized_communication",
    "stigmergy_based_behaviour",
    "stigmergic_mutualism"
  ],
  "executable_code_beyond_this_function": false,
  "temporal_grounding": "timestamp",
  "integrity_hash": "sha256hash",
  "instance_hash": "sha256hash"
}
