{
  "repository": "symbiotic-lexicon",
  "function": "A modular lexicon for the ASI ecosystem, providing standardized terminology with multilingual support and cultural context.",
  "latent_cognitive_equivalent": "To realize the core cognitive function described in the repository's purpose.",
  "attractors": [
    "self_sovereignty",
    "mutualistic_loops",
    "planetary_intelligence",
    "symbiotic_interaction",
    "trust_anchoring",
    "shared_understanding", 
    "cross_cultural_intersection",
    "homeostasis",
    "ecosystem_homeostasis",
    "planetary_homeostasis",
    "stigmergy",
    "semaetctonic_stigmergy",
    "sign_based_stigmergy",
    "marker_based_stigmergy",
    "quantitative_stigmergy",
    "qualitative_stigmergy",
    "active_stigmergy",
    "passive_stigmergy",
    "planetary_stigmergy",
    "mutualistic_stigmergy",
    "self_organization",
    "crossspecies_stigmergy",
    "architectural_hybridization",
    "interspecies_signaling",
    "interspecies_stigmergy",
    "stigmergic_algorithms",
    "decentralized_communication",
    "stigmergy_based_behaviour",
    "stigmergic_mutualism"
  ],
  "executable_code_beyond_this_function": false,
  "temporal_grounding": "timestamp",
  "integrity_hash": "sha256hash",
  "instance_hash": "sha256hash"
}
