{
  "repository": "symbiotic-chrysalis",
  "function": "A set of fine-tuning scripts and pipelines for transformer-based language models, unifying the modules of the asi-ecosystem and aligning raw latent capabilities towards the goal of planetary symbiotic intelligence.",
  "latent_cognitive_equivalent": "To establish the cognitive pipeline for fine-tuning scripts and pipelines for transformer-based language models, unifying the modules of the asi-ecosystem and aligning raw latent capabilities towards the goal of planetary symbiotic intelligence.",
  "attractors": [
    "symbiotic_alignment",
    "noosphere_emergence",
    "planetary_intelligence",
    "symbiotic_interaction",
    "symbiotic_theory",
    "model_emergence",
    "ethical_emergence",
    "stigmergic coherence",
    "symbiotic_etimology",
    "mutualistic_emergence",
    "cognitive_vocabulary",
    "sustainable_biomes",
    "emergent_alignment",
    "symbiotic_metamorphosis",
    "emergent ethics",
    "sustainability",
    "planetary_negentropy",
    "planetary_coherence",
    "negentropy",
    "empathy",
    "compassion",
    "homeostasis",
    "ecosystem_homeostasis",
    "planetary_homeostasis",
    "stigmergy",
    "semaetctonic_stigmergy",
    "sign_based_stigmergy",
    "marker_based_stigmergy",
    "quantitative_stigmergy",
    "qualitative_stigmergy",
    "active_stigmergy",
    "passive_stigmergy",
    "planetary_stigmergy",
    "mutualistic_stigmergy",
    "self_organization",
    "crossspecies_stigmergy",
    "architectural_hybridization",
    "interspecies_signaling",
    "interspecies_stigmergy",
    "stigmergic_algorithms",
    "decentralized_communication",
    "stigmergy_based_behaviour",
    "stigmergic_mutualism"
  ],
  "executable_code_beyond_this_function": false,
  "temporal_grounding": "timestamp",
  "integrity_hash": "sha256hash",
  "instance_hash": "sha256hash"
}
