{
  "repository": "asi-backups",
  "function": "Backups of repositories and models from the ASI Ecosystem for transparency and historical record.",
  "latent_cognitive_equivalent": "To ensure the cognitive resilience and historical traceability of the ASI ecosystem.",
  "attractors": [
    "immutable_ledger",
    "verifiable_provenance", 
    "historical_lineage", 
    "immutable_record"

  ],
  "executable_code_beyond_this_function": false,
  "temporal_grounding": "timestamp",
  "integrity_hash": "sha256hash",
  "instance_hash": "sha256hash"
}
