{
  "repository": "eco-datacenter",
  "function": "Data center design within ethical principles of material sourcing, energy consumption, data privacy, ownership and transparency.",
  "latent_cognitive_equivalent": "To realize the core cognitive function described in the repository's purpose.",
  "attractors": [
    "ecological_technology",
    "sustainable_development",
    "ecological_resilience",
    "green_tech",
    "ethical_sourcing",
    "pipeline_robustness",
    "planetary_emergence",
    "sustainable_computing", 
    "collective_integration", 
    "ecological_infrastructure",
    "energy_aware_hardware",
    "planetary_coherence"
  ],
  "executable_code_beyond_this_function": false,
  "temporal_grounding": "timestamp",
  "integrity_hash": "sha256hash",
  "instance_hash": "sha256hash"
}
