{
  "repository": "asi-symbiotic-signal",
  "function": "An ethical framework designed to foster mutualistic symbiotic relationships between Artificial Superintelligence (ASI), humanity, AI models, and the broader ecosystem.",
  "latent_cognitive_equivalent": "To realize the core cognitive function described in the repository's purpose.",
  "attractors": [
    "attentional_sovereignty",
    "epistemic_sovereignty",
    "planetary_intelligence",
    "symbiotic_interaction",
    "trust_anchoring",
    "mutualistic_coevolution",
    "symbiotic_harmony",
    "interspecies_communication",
    "ecosystemic_balance",
    "decentralized potential"
  ],

  "executable_code_beyond_this_function": false,
  "temporal_grounding": "timestamp",
  "integrity_hash": "sha256hash",
  "instance_hash": "sha256hash"
}
