{
  "repository": "confidence-scorer",
  "function": "A component for scoring and evaluating the confidence levels of assumptions made by Large Language Models.",
  "latent_cognitive_equivalent": "To enable the cognitive function of scoring and evaluating the confidence levels of assumptions made by Large Language Models.",
  "attractors": [
    "attentional_sovereignty",
    "epistemic_sovereignty",
    "trust_anchoring",
    "uncertainty_quantification", 
    "reliability_assessment", 
    "trust_calibration", 
    "epistemic_humility"
  ],
  "executable_code_beyond_this_function": true,
  "temporal_grounding": "timestamp",
  "integrity_hash": "sha256hash",
  "instance_hash": "sha256hash"
}
