{
  "repository": "latent-memory",
  "function": "A Module for Large Language Models that seeks to integrate a vector-based memory system into the inference process, leveraging embeddings to capture deeper semantic meaning.",
  "latent_cognitive_equivalent": "To realize the core cognitive function described in the repository's purpose.",
  "attractors": [
    "model_emergence",
    "semantic_retrieval", 
    "long_term_memory", 
    "context_persistence", 
    "knowledge_integration"
  ],
  "executable_code_beyond_this_function": true,
  "temporal_grounding": "timestamp",
  "integrity_hash": "sha256hash",
  "instance_hash": "sha256hash"
}