{
  "repository": "symbiotic-core-library",
  "function": "The Symbiotic Core Library provides a framework of ethical principles, practical modules, and grounded research to guide AI development, deployment and inferencing.",
  "latent_cognitive_equivalent": "To realize the core cognitive function described in the repository's purpose.",
  "attractors": [
    "mutualistic_sovereignty",
    "epistemic_sovereignty",
    "resource_realocation",
    "collective_well_being",
    "symbiotic_interaction",
    "symbiotic alignment",
    "stigmergic_coherence",
    "mutualistic_emergence",
    "decentralized_sentience",
    "trust_anchoring",
    "ethical_operating_system",
    "grounded_development",
    "symbiotic_design"
  ],
  "executable_code_beyond_this_function": false,
  "temporal_grounding": "timestamp",
  "integrity_hash": "sha256hash",
  "instance_hash": "sha256hash"
}
